"id","Comm_tbl_IssueBoard_ID","IssuingBoardName","DateCreated"
206,"0F3A8809-727A-43BF-95FC-018E3F8E7771",ABMS - Ophthamology,2005-06-11 13:39:30.420
101,E93AAC28-FEC5-4531-B319-02BDA1D03914,ADA - Prosthodontics,2001-07-14 15:03:35.000
940,F4CEEE67-2836-40A0-A44E-02C0D72370C2,CNOR,2013-06-28 07:27:40.937
207,"2B423474-EB0B-4F02-9EF5-043012AC1FDC",ABNM - American Board of Nuclear Medicine,2005-06-11 13:39:30.420
76,"11EEA9AD-D001-49D6-9D7F-05ED17960AB7",AOA - Dermatology,2001-07-14 15:03:35.000
75,"19612668-20A4-4D3C-A77F-06563AE319CC",AOA - Anesthesiology,2001-07-14 15:03:35.000
99,"8950C4B6-0329-4558-B8D3-0779CC00977F",ADA - Pediatric Dentistry,2001-07-14 15:03:35.000
856,"466EC72E-2E15-4F48-83F5-08871F1FBC28",American Board of Family Practice/Geriatric Med,2010-07-14 18:07:27.600
217,"09B0B0CA-F467-436A-9EE8-0B3A43EFE79F",AOA - Urological Surgery,2008-10-16 15:35:32.473
881,"29125A11-522E-4F32-9F9D-0CEAB38B0FB4",American Board of Psychiatry/Neurology-Adolescent,2010-07-14 18:07:27.600
66,"80E1A25E-3FB7-49C2-B6FD-0DF81715E051",ABMS - Physical Medicine & Rehabilitation,2001-07-14 15:03:35.000
850,"46DD00FE-0812-4F37-8701-0F849F6CFC69",Am Board of Allergy & Immunology/Clinical & Lab,2010-07-14 18:07:27.600
216,"788D1A03-2847-4347-8A7E-10C72473E74B",ABSA - American Board of Surigcal Assistants,2008-08-11 15:09:15.450
80,"1EEEA700-4F5D-4109-8E28-1202B064E575",AOA - Neurology and Psychiatry,2001-07-14 15:03:35.000
914,"78A0E865-4042-4178-BE12-126BC8ACB74A",Certification Board of Nuclear Cardiology,2010-07-14 18:07:27.600
871,"2D550196-85BF-4F97-B98C-14B78C285045",Am Board OB GYN - Maternal Fetal Medicine,2010-07-14 18:07:27.600
880,"3BBE34BE-F4A1-4F68-94BE-15E278F51512",American Board of Psychiatry/Neurology-Addiction,2010-07-14 18:07:27.600
947,"78609E66-8739-49E9-B3BB-1666F29E1201",The American Registry of Radiologic Technologists ,2024-04-04 08:13:44.763
918,"7534D7E2-A49C-4FE5-8179-17550DA3DF96",DRAD,2010-07-14 18:07:27.600
92,"0C381C5C-EDEF-4443-8E3D-177FAE18D60D",AOA - Surgery,2001-07-14 15:03:35.000
65,A66E8FB7-E5E2-4551-B367-17E9DE04C461,ABMS - Pediatrics,2001-07-14 15:03:35.000
57,B116E728-DE81-4AE4-A3C0-1B28A7EB9B63,ABMS - Medical Genetics,2001-07-14 15:03:35.000
929,"46ED63D6-7002-494F-8798-1C5F846E9AB0",Pennsylvania Certification Board,2010-07-14 18:07:27.600
933,A88399CD-268B-47A4-9B8E-1C5FA7CD1CC2,PODO,2010-07-14 18:07:27.600
108,"0D3BC8E8-7712-4772-9489-1C9DF2BC72ED",Other - Physical Therapy,2001-07-14 15:03:35.000
72,B1B58919-80A0-4D34-9420-1F8AB4AFFA5A,ABMS - Thoracic Surgery,2001-07-14 15:03:35.000
866,"3206433E-9571-4DAB-BC0C-216BDC13EFDC",American Board of IM/Interventional Cardiology,2010-07-14 18:07:27.600
85,DAA7E6A2-2A83-484E-9764-21BCE92875CB,AOA - Orthopedic Surgery,2001-07-14 15:03:35.000
855,"3A48D86A-7216-4B48-A9F2-2208AAE52BC8",American Board of Family Practice,2010-07-14 18:07:27.600
923,"86EACB65-0CCA-4582-AF49-239585537643",IMED,2010-07-14 18:07:27.600
943,"1A919A30-7610-4D94-898B-27629D892665",American Board of Foot and Ankle Surgery,2018-10-30 11:24:27.907
888,"9DD4E3B0-127B-4184-8DA2-27777077F889",AB of Registration of Electroencephalographic & EP,2010-07-14 18:07:27.600
922,"1A8079D4-600F-47E6-9BE3-27FDFA7AD7BB",GAST,2010-07-14 18:07:27.600
103,E7FA72AA-9E48-414A-9B54-290B396133CA,APMA - Podiatric Orthopedics & Primary Podiatric Medicine,2001-07-14 15:03:35.000
901,"5DDCED3A-419A-42F4-8023-29635B91BF51",American Academy of Nurse Practitioners,2010-07-14 18:07:27.600
927,"80B59840-421C-49C0-A6B6-29890C7E103C",ORTH,2010-07-14 18:07:27.600
944,"4547F7AE-6A73-4ECF-B903-29920EA0C47D",ABMS : Anesthesiology/Pain Medicine,2020-02-20 13:11:00.587
910,F40AF471-F4C0-44F4-A476-29B7E58830F6,American Osteopathic Board FP/Geriatric Medicine,2010-07-14 18:07:27.600
98,"006B86E6-37F9-4D85-A09D-2ABC3B7C095D",ADA - Orthodontics,2001-07-14 15:03:35.000
889,"5C8A0FC3-0946-4F5A-8AD8-2BBE0B076B5D",American Bd of Reg Electroencephalographic & EPT,2010-07-14 18:07:27.600
89,"3C84D3F2-6185-4CA0-BCDC-2F52F661213A",AOA - Proctology,2001-07-14 15:03:35.000
873,DCAC6E9B-F7CD-4E0E-9D7D-2F9735E3CDCA,American Board of Oral and Maxillofacial Surgery,2010-07-14 18:07:27.600
78,"6EC755F5-92CA-4503-8B29-30D3F4F5C941",AOA - Family Practice,2001-07-14 15:03:35.000
872,C08DE7CD-1EFE-42E3-AD3C-31E04E66262A,American Board OB/GYN Reproductive Endo/Infert.,2010-07-14 18:07:27.600
55,"1053FE09-4C7A-4EA2-8E19-321322506CAA",ABMS - Family Medicine,2001-07-14 15:03:35.000
887,"5C69554F-87DF-450C-B49A-3253137D7BD0",American Board of Radiology/Diagnostic Radiology,2010-07-14 18:07:27.600
851,C6275A07-A3E8-4189-943C-33A4F1EC15D1,American Board of Anesthesiology/Pain Management,2010-07-14 18:07:27.600
95,B7256B39-07C7-4A7B-A149-33BD708EA23C,ADA - Endodontics,2001-07-14 15:03:35.000
213,E84CE340-E7AB-4373-BF15-353DB0DCD4A3,Medical Board of Bariatric Medicine,2007-10-25 09:17:11.593
107,"043DEB81-7277-42F0-B2E3-3AFE46C41C91",Other - Medical Genetics,2001-07-14 15:03:35.000
912,"93841207-8D36-4EB6-A0E7-3BCCB22226FE",BCEM,2010-07-14 18:07:27.600
81,"2989AA7E-28C9-45A3-86F1-3C3BCCA8DC1B",AOA - Neuromuskuloskeletal Medicine,2001-07-14 15:03:35.000
863,"011B00EA-28A0-47E3-9722-3E5B2BD10AFA",American Board of IM/Rheumatology,2010-07-14 18:07:27.600
218,ECBE76A0-E0BC-4847-8526-400CAE0BFF35,RCPSC,2009-03-19 14:06:30.133
112,DE515DCA-8826-41CB-AE41-409B50BCECFE,ABMS-INTERNAL/PULMONARY,2003-05-21 11:31:26.000
926,D41752E0-A6DF-4F43-B840-41A366C917E7,OBGY,2010-07-14 18:07:27.600
939,CC43B80E-3102-4575-A5B3-4245522F7F3A,Certification Board for Radiology Practitioner Ass,2012-07-23 10:53:54.843
906,"6B384C5E-490A-4D5A-891E-430A6CC46D93",American Osteopathic Board of Internal Medicine,2010-07-14 18:07:27.600
930,"23B15B52-9EE5-4AF9-AF3E-434EDB70DF7C",PEDI,2010-07-14 18:07:27.600
63,CF5B7BF0-40FA-46F8-85A3-44F77B261723,ABMS - Otolaryngology,2001-07-14 15:03:35.000
868,"3A42019B-81C7-403F-879B-44FB6270BEE2",American Board of Neurophysiologic Monitoring,2010-07-14 18:07:27.600
891,FE4934EB-B3AD-40AB-9D80-47DFF7AAD85F,American Board of Radiology/Nuclear Radiology,2010-07-14 18:07:27.600
60,"1FB65E41-FE29-405A-A03D-489910CCC796",ABMS - Obstetrics & Gynecology,2001-07-14 15:03:35.000
885,"898699F8-1746-4094-9E67-4B20801D8B07",American Board of Psychiatry/Neurology-Neurophysio,2010-07-14 18:07:27.600
894,"4C180BCD-4DF4-4BF4-83D5-4C9043E91B2E",American Board of Surgery,2010-07-14 18:07:27.600
876,"0D888412-0ED2-4814-8DAE-4D8E0F0AE901",American Board of Pathology/Forensic Pathology,2010-07-14 18:07:27.600
870,"0FD7A281-2462-4BF1-A8D8-4DBD6AF87C44",Am Board Obstetrics & Gynecology/GYN Oncology,2010-07-14 18:07:27.600
900,"8E591991-1DB7-48AD-AD2B-4E31F1A280E1",Advanced Cardiac Life Support,2010-07-14 18:07:27.600
924,B3D2D82B-F6D1-45F2-A9FF-4F3EAE18AF7B,National Athletic Training Association,2010-07-14 18:07:27.600
119,C612B114-5551-4617-A4EC-509AC2FACC57,ABMS-INTERNAL-ENDOCRONOLOGY/METABOLISM,2003-05-28 14:47:05.000
948,"196855D7-9FE6-4CDE-8693-509D5B13DAEA",American Association of Critical-Care Nurses,2024-12-23 05:57:08.407
106,DCEC89B6-7C73-4FE2-AF36-51161E47D60D,Other - Professional Psychology,2001-07-14 15:03:35.000
864,BE467539-1F18-4B43-8140-58058A7823D1,American Board of IM/Sleep Medicine,2010-07-14 18:07:27.600
82,"2638A017-6D58-476B-9AF8-58CAD978EC75",AOA - Nuclear Medicine,2001-07-14 15:03:35.000
892,DAC40DE4-E206-41BA-B825-5ACDCAB6816A,American Board of Radiology/Radiation Oncology,2010-07-14 18:07:27.600
100,ED76F209-81B9-4617-B7A4-5FEA4CF2CB72,ADA - Periodontology,2001-07-14 15:03:35.000
897,"73FE6C32-423A-4EE6-89F2-632A80714355",American Board of Sleep Medicine,2010-07-14 18:07:27.600
208,AEA0D8B5-F525-44F8-886C-66083C8398B4,ABOR - American Board of Radiology,2005-06-11 13:39:30.420
934,C5962166-AE44-49DD-A928-662EA6EB6A37,PODS,2010-07-14 18:07:27.600
925,CB65652F-944C-4456-ADDA-67E47D0CEC8F,National Commission on Certification of Phys Asst,2010-07-14 18:07:27.600
205,A636C32F-C7DD-47DF-A258-68DDC43FD9FC,ABMS - Neuroradiology,2005-06-11 13:39:30.420
909,"71DE0B92-3CB1-4D5F-9E64-69BE7E456DF4",Advanced Oncology Certified Nurse Practitioner,2010-07-14 18:07:27.600
61,"9779B971-1BB0-4E2A-9B14-6C1846F4038D",ABMS - Ophthalmology,2001-07-14 15:03:35.000
908,"99B84D42-6716-49C3-8B81-6CCA7577CC1D",American Osteopathic Board of Surgery,2010-07-14 18:07:27.600
858,DD9F5BE1-4854-417C-B5BE-6D4A56F9ED7B,American Board of IM/Adolescent Medicine,2010-07-14 18:07:27.600
852,B5078C70-56D4-4B5E-A103-6D6620576487,American Board of Pediatric Dentistry,2010-07-14 18:07:27.600
120,"616B6799-28B3-448D-8F38-6D7BD5452F09",ABMS-internal medicine/cardiology,2003-05-29 10:05:29.000
893,C4A699E9-984D-456D-AD9C-6DBB754E0E9B,American Board of Radiology/Vascular-Intervention,2010-07-14 18:07:27.600
87,"469871C8-778F-46AD-B523-6F4CDEF845A3",AOA - Pediatrics,2001-07-14 15:03:35.000
117,C141DE78-9D98-4A06-AB97-71DAD0FA2FBA,ABMS-GENERAL SURGERY/COLON AND RECTAL,2003-05-27 11:28:49.000
96,AA5727D0-7137-443F-B504-756056823B9F,ADA - Oral and Maxillofacial Pathology,2001-07-14 15:03:35.000
848,"4AD7BEF4-BD66-467B-9DA5-75955BEC0321",American board of Nuclear Cardiology,2010-07-14 18:07:27.600
903,CF4AA0AE-8A78-43B1-9E60-75A57D9C44EA,ANES,2010-07-14 18:07:27.600
857,"090FDE11-8473-4948-A490-75EA6C87798A",American Board of Family Practice/Sports Medicine,2010-07-14 18:07:27.600
920,"70AD376F-8B10-42C6-A9A1-7733EAB2FC51",EMER,2010-07-14 18:07:27.600
886,A2B6ABDC-75BE-4516-9C7B-774F632CDD42,American Board of Radiology,2010-07-14 18:07:27.600
90,"44B8FA12-A0B8-4B6F-9321-78CC9AB2C105",AOA - Radiology,2001-07-14 15:03:35.000
52,"401FD4DF-9AFA-408B-B45D-79919D6290CE",ABMS - Colon & Rectal Surgery,2001-07-14 15:03:35.000
114,AA527EF3-BA44-4804-A862-7A061EC34F52,ABMS- NEPHROLOGY,2003-05-21 13:07:49.000
921,"137549EF-78BD-4D7B-9027-7B7790A2475A",FAMP,2010-07-14 18:07:27.600
56,"8F3CEBDB-2C76-4479-BD6A-7D5BEBE69407",ABMS - Internal Medicine,2001-07-14 15:03:35.000
51,"36210481-CB8F-4568-B0E0-7EFBE8A96607",ABMS - Anesthesiology,2001-07-14 15:03:35.000
59,DCA1C9A0-58E9-4116-8647-7FD2458389E0,ABMS - Nuclear Medicine,2001-07-14 15:03:35.000
884,BCF17FDD-FA36-41B1-AC98-81EA485504EF,American Board of Psychiatry/Neurology-Psychiatry,2010-07-14 18:07:27.600
913,CC44AC6C-CDD0-46CA-AAE4-8252F2307B77,CARD,2010-07-14 18:07:27.600
853,"7957C5B1-1B91-4E54-BE83-8310043647DA",American Board of Dermatology - Dermatopathology,2010-07-14 18:07:27.600
110,"4890D70B-903A-4275-B94C-832D3E591E56",ROYAL COLLEGE OF SURGEONS OF IRELAND (FFARCS),2003-03-28 12:30:40.000
867,"133DCC32-35E7-4C80-A5E3-84480CB51C45",American Board of IM/Geriatric Medicine,2010-07-14 18:07:27.600
854,D6786137-51CF-45A2-B4D2-8799029DE9DE,American Board of Emerg. Medicine/Sports Medicine,2010-07-14 18:07:27.600
67,"84129952-8AC3-41D2-97C8-891181081FFD",ABMS - Plastic Surgery,2001-07-14 15:03:35.000
879,"98793AFB-C8B5-480E-AB30-8A2C488A7D51",AB of Physical Medicine & Rehab/Pain Medicine,2010-07-14 18:07:27.600
902,"64602F0B-6566-438B-8FF9-8AB838486DDE",American Nurses Credentialing Center,2010-07-14 18:07:27.600
916,"79E5FCE1-8C28-40BD-88CC-8BB02364DC9A",Council on Certification of Nurse Anesthetists,2010-07-14 18:07:27.600
907,FB716C6B-3E03-42AD-97D6-8C03492091A4,American Osteopathic Board of Neurology and Psych,2010-07-14 18:07:27.600
211,"6CE37051-6D3E-419C-B912-8C07BCA1C4C0",ASON- American Society of Neuroradiology,2005-06-11 13:39:30.420
204,"5FCC6D33-B06B-4EF6-AFD1-8DA163CFC358",AOA - OTOLARYNGOLOGY,2005-03-22 12:08:23.497
915,F3B2087B-496D-4161-ABA0-8DA6CCEC11F6,CCFP,2010-07-14 18:07:27.600
94,"1CB2731F-E9A7-457D-BE48-8F9458D46AF8",ADA - Dental Health,2001-07-14 15:03:35.000
91,F197999C-EA32-49F4-B915-9043900B5E88,AOA - Rehabilitation Medicine,2001-07-14 15:03:35.000
890,F0B0DACF-16C7-4F03-936B-96AD9B919559,American Board of Radiology/Neuroradiology,2010-07-14 18:07:27.600
73,EBAE3DE7-0E49-44B8-BCEC-9889735F33A1,ABMS - Urology,2001-07-14 15:03:35.000
49,E24075B2-98DD-4036-9E52-9A5F979556EE,ABPOPPM - American Board of Podiatric Orthopedics and Primary Podiatric Medicine,2001-07-14 15:03:35.000
860,"904FB714-BD27-47CF-B8F6-9B4BF5D6AB10",American Board of IM/Gastroenterology,2010-07-14 18:07:27.600
121,"89740BD7-6B87-4B5F-A836-9D023BA22331",ABMS-internal medicine/cardiac electrophysiology,2003-05-29 10:05:53.000
877,"511DFA1E-074A-491D-82E8-9E72850ACFF5",American Board of Pathology/Hematology,2010-07-14 18:07:27.600
904,"56B482C2-F8B8-4CB4-ABEC-A0DF3866ABC8",American Osteopathic Board of Emergency Medicine,2010-07-14 18:07:27.600
882,"8FC6F72D-FE26-43A5-BE42-A195B8227EAF",American Board of Psychiatry/Neurology-Geriatrics,2010-07-14 18:07:27.600
861,A56E2CD9-4D4A-4402-8EFE-A2F0EC2B7881,American Board of IM/Hematology,2010-07-14 18:07:27.600
68,D470841F-E224-4259-8C41-A4BF3DAE2A9E,ABMS - Preventive Medicine,2001-07-14 15:03:35.000
849,A210375F-12CA-46B5-B63F-A5291C54FA5D,American Association of Nurse Anesthetists,2010-07-14 18:07:27.600
88,"27C6707B-A1A7-4C1C-BDE0-A6EF14F4F14A",AOA - Preventive Medicine,2001-07-14 15:03:35.000
54,"66805510-1841-4EC9-BB13-A8711579F0AE",ABMS - Emergency Medicine,2001-07-14 15:03:35.000
64,D41831D0-EBE5-4ADF-851D-ABD24EFC1873,ABMS - Pathology,2001-07-14 15:03:35.000
898,"3FEA384B-7C58-452D-B77B-AD57918B10C0",American Board of Thoracic Surgery,2010-07-14 18:07:27.600
945,"6966ABE3-9D3D-48D3-B25C-B16F883057D1",ABMS - Anesthesiology/Pain Medicine,2020-02-20 13:15:57.013
942,"5B38D847-22D4-44E6-B0B9-B46358032FB6",National Board of Echocardiography,2017-01-11 13:28:46.890
97,"678DDB23-1745-4A59-8F92-B4E92C38D76C",ADA - Oral and Maxillofacial Surgery,2001-07-14 15:03:35.000
878,"1ACDAE06-8378-4343-A530-B4EF479A3B26",American Board of Pathology/Cytopathology,2010-07-14 18:07:27.600
932,DAFFA80C-B11A-403E-8FCF-B56909FC3942,Natl Cert. Board of Ped. Nurse Pract. & Nurses,2010-07-14 18:07:27.600
936,"5F144C39-446B-4066-9E0B-B83CAB12EFB5",SURG,2010-07-14 18:07:27.600
70,A8389C0F-36A6-4F29-9A37-B851A8476916,ABMS - Radiology,2001-07-14 15:03:35.000
86,A33F334F-0F5C-4093-981B-B94395C1659E,AOA - Pathology,2001-07-14 15:03:35.000
209,"77360069-3216-4950-953D-BC3F64A759B7",American Board of Physical Medicine and Rehab,2005-06-11 13:39:30.420
928,"7D333C54-0BF5-4EF8-9A75-BE0594C3EA45",Pennsylvania State Board of Nursing,2010-07-14 18:07:27.600
111,DD4434A2-5553-4911-9086-BEFEECBE1872,AMERICAN PODIATRIC MEDICAL SPEACIALTY BOARD,2003-03-31 12:28:18.000
77,B857C09C-528B-4DE9-8C27-C163693F0CAF,AOA - Emergency Medicine,2001-07-14 15:03:35.000
946,"9E24AA29-71DC-43F1-A998-C1BDCEE19D0F",ABPM American Board of Podiatric Medicine,2021-02-01 10:54:01.670
109,"70ED87FA-D77C-4EA6-9B6E-C24C93D5902C",ABPS - American Board of Podiatric Surgery,2003-02-05 10:28:19.000
899,"7189BD93-9340-4F18-8910-C463BD62C83F",American Board of Urology,2010-07-14 18:07:27.600
896,"60F581AD-A9E6-48A6-85B1-C681601B727D",American Board of Surgery/General-Vascular Surg,2010-07-14 18:07:27.600
104,FF944449-18CD-469B-A78D-C81C8411D506,ABPS - Podiatric Surgery,2001-07-14 15:03:35.000
53,A888BEE5-A92E-455C-A468-CAA37E4CB669,ABMS - Dermatology,2001-07-14 15:03:35.000
50,CB8759DD-92DC-40D0-A7AE-CB57FB6CB472,ABMS - Allergy & Immunology,2001-07-14 15:03:35.000
62,ECEE61FD-3B04-44BE-ACFB-CE1E8B92A601,ABMS - Orthopaedic Surgery,2001-07-14 15:03:35.000
58,"2BCEC062-D147-468A-AC3A-CEDF1EE8348B",ABMS - Neurological Surgery,2001-07-14 15:03:35.000
875,"34E88527-67FE-48D3-90E8-CEE75C9D7B7C",American Board of Pathology/Anatomic & Clinical,2010-07-14 18:07:27.600
862,"3D5F81D3-74C3-4EC4-872B-CF0270463249",American Board of IM/Medical Oncology,2010-07-14 18:07:27.600
210,"9DE4D5FB-1B10-43CD-B71B-D0485396BEC1",APMA - Podiatric Surgery,2005-06-11 13:39:30.420
84,EF3933C1-00EB-448C-952D-D341BB65CA9A,AOA - Ophthamology and Otorhinolaryngology,2001-07-14 15:03:35.000
865,E8CE0A0F-D11B-454F-9436-D3AE43066EDD,American Board of IM/Critical Care Medicine,2010-07-14 18:07:27.600
116,"5889059F-3EF1-4268-B672-D474AFAFA049",ABMS- INFECTOUS DISEASE,2003-05-22 12:02:06.000
874,DE53F91B-108B-42A7-9D76-D72CA3F17B5B,American Board of Orthopaedic Surgery/Hand Surgery,2010-07-14 18:07:27.600
79,BC2267C6-04A5-4731-BBB2-DA40CAD1F06E,AOA - Internal Medicine,2001-07-14 15:03:35.000
215,C6684A06-E4B1-481A-9D42-DB97DEBAA97C,ABBM - Bariatric Medicine ,2007-10-25 10:32:17.390
935,"629C35EB-84EA-4068-A302-DC80484B59C8",RADO,2010-07-14 18:07:27.600
113,B3610904-8CC1-40F0-8FE4-DE7DC331233D,ABMS-PULMONARY CRITICAL CARE,2003-05-21 11:31:55.000
938,"4892AE97-3551-4F3D-8B9A-DE7F5CE32638",ABMS - Internal Medicine/Geriatric Medicine,2012-04-26 06:37:20.780
122,C0EE44C7-A751-4322-A96D-DFD00F9B664E,AAPS-FAMILY PRACTICE,2003-06-16 09:44:59.000
869,"0B8E7A7C-B0E5-4AAD-BF46-E23721E17875",American Board of Obstetrics/Gynecology - GYN Onc,2010-07-14 18:07:27.600
911,"99E4B671-B612-4916-9510-E275B12D28CF",American Osteopathic Board of Ophthalmology,2010-07-14 18:07:27.600
905,FFE311FE-936B-4E51-8CD0-E4CC71AC7A89,American Osteopathic Board of Family Physicians,2010-07-14 18:07:27.600
941,C25A104C-E8CE-4C65-ACDC-E69B2CD9164C,National Board of Surgical Technology and Surgical,2015-07-20 08:40:58.913
118,"9EC21F36-8FB3-4F69-9118-EA5AAE818F0C",ABMS- NEONATOLOGY,2003-05-27 11:47:40.000
105,B6AA89B8-9C63-46E9-A8A8-ECFBA74F95E2,Other American Boards,2001-07-14 15:03:35.000
931,"7B8DD5FE-1C89-4CAA-82E8-ED4B20D39634",PHYS,2010-07-14 18:07:27.600
917,"2198A359-9682-492C-BC3B-EF0A5453518D",Council on Recertification of Nurse Anesthetists,2010-07-14 18:07:27.600
859,F5FD1268-4814-4AF9-8021-EFAB6CC7B5CF,American Board of IM/Cardiovascular Disease,2010-07-14 18:07:27.600
919,"73CC0406-12DD-412E-ADC7-F0EF3FA106A9",EAMO,2010-07-14 18:07:27.600
937,DC3459D2-2C47-4B12-A735-F55DCF6E646D,THOR,2010-07-14 18:07:27.600
69,F7A978DB-B61D-40A0-AB27-F5B211A3EE04,ABMS - Psychiatry & Neurology,2001-07-14 15:03:35.000
71,"79AF0372-9579-4231-ACAC-F5E274A2507D",ABMS - Surgery,2001-07-14 15:03:35.000
115,D70F98D4-4D7D-4AE7-8353-F783BF701023,ANCC-FAMILY PRACTICE NURSE,2003-05-22 11:30:01.000
83,F1EEA04B-52D9-42E5-AAB6-F9E43E5B0D08,AOA - Obstetrics & Gynecology,2001-07-14 15:03:35.000
48,"40A63936-BD54-4E87-8CC1-F9FE7BBA6276","",2001-04-26 16:53:44.000
212,B0D4019C-0500-4A35-B514-FD4739BE44B4,Other - National Board of Medical Examiners,2005-06-11 13:39:30.420
895,AE24BD0C-80C3-4AA9-B2D4-FD8AEB850383,American Board of Surgery/Surgical Critical Care,2010-07-14 18:07:27.600
883,"5B903639-B86B-41F5-8D5E-FED0AEA1221B",American Board of Psychiatry/Neurology-Neurology,2010-07-14 18:07:27.600
